<?xml version="1.0" encoding="utf-8" ?>
<component name="category_screen" extends="Group">
<script type="text/brightscript" uri="pkg:/components/category_screen.brs" />

    <interface>
        <field
            id="category_selected"
            type="assocarray"
            alias="category_list.itemSelected"
            />
    </interface>

    <children>

        <Label
            translation="[75, 150]"
            id="env"
            font="font:LargeBoldSystemFont"
            text="PICK A CATEGORY:"
            />

        <RadioButtonList
            id="category_list"
            translation="[100, 200]"
            itemSize="[400,48]"
            >
        
        <ContentNode id = "categories" role = "content">
            <!--<ContentNode title = "FOLLOWING" feed_url="pkg:/components/following.json"/>
            <ContentNode title = "BROWSE GAMES" feed_url="pkg:/components/games.json"/>
            <ContentNode title = "BROWSE CHANNELS" feed_url="pkg:/components/channels.json"/>-->
            <ContentNode title = "REGISTER DEVICE"/>
        </ContentNode>
        </RadioButtonList>

    </children>
</component>